[{"name": "Brush Teath Daily", "start_date": "2023-11-01T00:00:00", "completed_dates": ["2023-11-02", "2023-11-03"], "broken": false, "streak_count": 2}, {"name": "Cleaning room  Daily", "start_date": "2023-11-01T00:00:00", "completed_dates": [], "broken": false, "streak_count": 0}, {"name": "Exercise Weekly", "start_date": "2023-11-01T00:00:00", "completed_dates": ["2024-01-15"], "broken": false, "streak_count": null}, {"name": "Read Weekly", "start_date": "2023-11-01T00:00:00", "completed_dates": [], "broken": true, "streak_count": null}, {"name": "Skills  Monthly", "start_date": "2023-11-01T00:00:00", "completed_dates": [], "broken": false, "streak_count": null}, {"name": "visiting firends Monthly", "start_date": "2023-11-01T00:00:00", "completed_dates": [], "broken": false, "streak_count": null}]